INSERT INTO `permissions` (`id`, `name`, `guard_name`, `created_at`, `updated_at`, `deleted_at`) VALUES
(1, 'role-list', 'web', '2021-10-26 04:31:42', '2021-10-26 04:31:42', NULL),
(2, 'role-create', 'web', '2021-10-26 04:31:42', '2021-10-26 04:31:42', NULL),
(3, 'role-edit', 'web', '2021-10-26 04:31:43', '2021-10-26 04:31:43', NULL),
(4, 'role-delete', 'web', '2021-10-26 04:31:43', '2021-10-26 04:31:43', NULL),
(5, 'launch-list', 'web', '2021-11-02 13:11:21', '2021-11-02 13:11:21', NULL),
(6, 'launch-create', 'web', '2021-11-02 13:12:54', '2021-11-02 13:12:54', NULL),
(7, 'launch-edit', 'web', '2021-11-02 13:13:07', '2021-11-02 13:13:07', NULL),
(8, 'launch-delete', 'web', '2021-11-02 13:13:28', '2021-11-02 13:13:28', NULL),
(9, 'launch-approves', 'web', '2021-11-02 13:14:05', '2021-11-02 13:20:13', NULL),
(10, 'user-list', 'web', '2021-11-02 13:28:20', '2021-11-02 13:28:20', NULL),
(11, 'user-create', 'web', '2021-11-02 13:28:30', '2021-11-02 13:28:30', NULL),
(12, 'user-edit', 'web', '2021-11-02 13:28:40', '2021-11-02 13:28:40', NULL),
(13, 'user-delete', 'web', '2021-11-02 13:28:50', '2021-11-02 13:28:50', NULL),
(14, 'closing-list', 'web', '2021-11-02 13:30:17', '2021-11-02 13:30:17', NULL),
(15, 'closing-create', 'web', '2021-11-02 13:30:29', '2021-11-02 13:30:29', NULL),
(16, 'closing-edit', 'web', '2021-11-02 13:30:41', '2021-11-02 13:30:41', NULL),
(17, 'closing-delete', 'web', '2021-11-02 13:30:50', '2021-11-02 13:30:50', NULL),
(18, 'permission-list', 'web', '2021-11-02 21:45:45', '2021-11-02 21:45:45', NULL),
(19, 'permission-create', 'web', '2021-11-02 21:45:59', '2021-11-02 21:45:59', NULL),
(20, 'permission-edit', 'web', '2021-11-02 21:46:09', '2021-11-02 21:46:09', NULL),
(21, 'permission-delete', 'web', '2021-11-02 21:46:20', '2021-11-02 21:46:20', NULL),
(22, 'tables-list', 'web', '2021-11-03 01:37:53', '2021-11-03 01:37:53', NULL),
(23, 'tables-create', 'web', '2021-11-03 01:38:03', '2021-11-03 01:38:03', NULL),
(26, 'tables-edit', 'web', '2021-11-03 01:38:13', '2021-11-03 01:38:13', NULL),
(27, 'tables-delete', 'web', '2021-11-03 01:38:23', '2021-11-03 01:38:23', NULL),
(28, 'reports-view', 'web', '2021-11-05 01:02:10', '2021-11-05 01:02:10', NULL),
(29, 'reports-details', 'web', '2021-11-05 01:02:24', '2021-11-05 01:02:24', NULL),
(30, 'closing-approves', 'web', '2021-11-07 06:22:28', '2021-11-07 06:22:28', NULL);

-- --------------------------------------------------------


INSERT INTO `roles` (`id`, `name`, `guard_name`, `created_at`, `updated_at`, `deleted_at`) VALUES
(1, 'Admin', 'web', '2021-10-26 04:31:54', '2021-10-26 04:31:54', NULL),
(2, 'View', 'web', '2021-11-01 15:34:32', '2021-11-01 15:34:32', NULL),
(3, 'Edit', 'web', '2021-11-01 15:41:41', '2021-11-01 15:41:41', NULL),
(4, 'Approver', 'web', '2021-11-01 21:51:37', '2021-11-01 21:51:37', NULL),
(5, 'launche-approver', 'web', '2021-11-01 21:51:37', '2021-11-04 22:11:05', NULL),
(6, 'launch-manager', 'web', '2021-11-04 22:10:40', '2021-11-04 22:10:40', NULL);

-- --------------------------------------------------------

INSERT INTO `role_has_permissions` (`permission_id`, `role_id`) VALUES
(1, 1),
(2, 1),
(3, 1),
(4, 1),
(5, 1),
(6, 1),
(7, 1),
(8, 1),
(9, 1),
(10, 1),
(11, 1),
(12, 1),
(13, 1),
(14, 1),
(15, 1),
(16, 1),
(17, 1),
(18, 1),
(19, 1),
(20, 1),
(21, 1),
(22, 1),
(23, 1),
(26, 1),
(27, 1),
(28, 1),
(29, 1),
(30, 1),
(5, 2),
(10, 2),
(5, 3),
(6, 3),
(7, 3),
(8, 3),
(10, 3),
(12, 3),
(14, 3),
(16, 3),
(5, 4),
(9, 4),
(14, 4),
(30, 4),
(5, 5),
(9, 5),
(6, 6),
(7, 6),
(8, 6);

-- --------------------------------------------------------

INSERT INTO `model_has_roles` (`role_id`, `model_type`, `model_id`) VALUES
(1, 'App\\Entities\\TbCadUser', 1);